{"train/loss": 1.1208, "train/grad_norm": 0.403586745262146, "train/learning_rate": 0.00018004000000000002, "train/epoch": 0.16, "train/global_step": 500, "_timestamp": 1712448591.193952, "_runtime": 587.967264175415, "_step": 0, "_wandb": {"runtime": 683}}