{"Training Loss": 11.622883796691895, "_timestamp": 1713755463.8764641, "_runtime": 166.10711216926575, "_step": 0, "_wandb": {"runtime": 288}}