{"Training Loss": 1.1370434761047363, "_timestamp": 1713756019.8995225, "_runtime": 296.8315415382385, "_step": 1, "_wandb": {"runtime": 396}}