{"Training Loss": 0.512355625629425, "_timestamp": 1713834821.8073103, "_runtime": 1840.1022744178772, "_step": 13, "_wandb": {"runtime": 1989}}