{"Training Loss": 0.7296149730682373, "_timestamp": 1713755264.5757694, "_runtime": 637.9768183231354, "_step": 42, "_wandb": {"runtime": 638}}