{"Training Loss": 0.7379652857780457, "_timestamp": 1713823117.5876777, "_runtime": 1087.4169707298279, "_step": 3, "_wandb": {"runtime": 1838}}