{"train/loss": 1.0111, "train/grad_norm": 0.4387071132659912, "train/learning_rate": 4e-08, "train/epoch": 1.58, "train/global_step": 5000, "_timestamp": 1712454607.9648077, "_runtime": 5800.649797677994, "_step": 10, "train_runtime": 5776.546, "train_samples_per_second": 3.462, "train_steps_per_second": 0.866, "total_flos": 1.5009521871986688e+17, "train_loss": 1.057318505859375}